Order_ID,Order_Date,Customer_Segment,Priority,Product_Category,Order_Value_INR,Origin,Destination,Special_Handling
ORD000001,2025-10-09,Individual,Express,Industrial,238.73,Kolkata,Hyderabad,Express_Care
ORD000002,2025-09-29,SMB,Express,Industrial,17.01,Hyderabad,Kolkata,Express_Care
ORD000003,2025-09-15,SMB,Economy,Industrial,3024.95,Mumbai,Pune,High_Value_Care
ORD000004,2025-10-13,Individual,Economy,Fashion,56.74,Hyderabad,Ahmedabad,Standard
ORD000005,2025-09-08,SMB,Standard,Fashion,19148.65,Chennai,Mumbai,High_Value_Care
ORD000006,2025-09-21,Individual,Express,Food & Beverage,158.22,Chennai,Dubai,Express_Care
ORD000007,2025-10-09,Individual,Standard,Electronics,736.82,Pune,Bangalore,Fragile
ORD000008,2025-09-19,Enterprise,Standard,Industrial,4771.54,Chennai,Kolkata,High_Value_Care
ORD000009,2025-09-23,SMB,Express,Books,3711.35,Delhi,Hong Kong,High_Value_Care
ORD000010,2025-09-11,SMB,Standard,Electronics,7936.32,Hyderabad,Mumbai,Hazmat
ORD000011,2025-09-11,Enterprise,Standard,Books,41.07,Delhi,Bangkok,Standard
ORD000012,2025-09-24,Enterprise,Standard,Electronics,73.42,Mumbai,Hong Kong,Fragile
ORD000013,2025-10-06,SMB,Standard,Food & Beverage,566.23,Hyderabad,Bangalore,Standard
ORD000014,2025-10-10,SMB,Express,Industrial,1421.72,Delhi,Bangalore,High_Value_Care
ORD000015,2025-09-24,Enterprise,Standard,Industrial,396.69,Kolkata,Delhi,Hazmat
ORD000016,2025-09-03,Enterprise,Standard,Healthcare,34.57,Delhi,Mumbai,Fragile
ORD000017,2025-09-22,Individual,Standard,Books,849.69,Hyderabad,Singapore,Standard
ORD000018,2025-09-02,Enterprise,Economy,Electronics,301.46,Mumbai,Chennai,Fragile
ORD000019,2025-09-24,Enterprise,Standard,Electronics,296.08,Ahmedabad,Bangalore,Hazmat
ORD000020,2025-10-14,SMB,Express,Fashion,13.24,Kolkata,Pune,Temperature_Controlled
ORD000021,2025-09-30,Individual,Express,Healthcare,1334.39,Mumbai,Singapore,Fragile
ORD000022,2025-10-08,Enterprise,Standard,Home Goods,501.6,Bangalore,Dubai,Fragile
ORD000023,2025-09-02,SMB,Express,Home Goods,5959.53,Ahmedabad,Dubai,High_Value_Care
ORD000024,2025-09-21,Individual,Standard,Fashion,360.77,Bangalore,Kolkata,Standard
ORD000025,2025-10-03,Enterprise,Economy,Fashion,943.42,Mumbai,Hyderabad,Standard
ORD000026,2025-09-12,Individual,Standard,Fashion,1404.91,Bangalore,Delhi,High_Value_Care
ORD000027,2025-09-22,SMB,Standard,Books,29.39,Bangalore,Bangkok,Standard
ORD000028,2025-10-14,SMB,Standard,Books,20435.93,Kolkata,Dubai,High_Value_Care
ORD000029,2025-09-25,SMB,Standard,Food & Beverage,211.41,Chennai,Singapore,Standard
ORD000030,2025-10-19,SMB,Standard,Food & Beverage,847.13,Delhi,Chennai,Fragile
ORD000031,2025-09-27,Enterprise,Economy,Fashion,1054.55,Mumbai,Bangkok,Temperature_Controlled
ORD000032,2025-10-12,Individual,Standard,Healthcare,118.85,Chennai,Dubai,International
ORD000033,2025-09-28,SMB,Economy,Electronics,6441.2,Delhi,Chennai,High_Value_Care
ORD000034,2025-09-16,Enterprise,Economy,Books,601.2,Mumbai,Dubai,Temperature_Controlled
ORD000035,2025-09-15,Enterprise,Express,Healthcare,292.89,Pune,Delhi,Express_Care
ORD000036,2025-10-17,SMB,Express,Industrial,496.59,Chennai,Hong Kong,Fragile
ORD000037,2025-10-14,SMB,Express,Books,1269.5,Chennai,Dubai,Express_Care
ORD000038,2025-09-03,Enterprise,Express,Books,410.02,Hyderabad,Singapore,Express_Care
ORD000039,2025-10-07,SMB,Express,Food & Beverage,1514.58,Bangalore,Dubai,Hazmat
ORD000040,2025-09-07,Enterprise,Standard,Electronics,32.22,Kolkata,Hyderabad,Fragile
ORD000041,2025-09-21,SMB,Express,Electronics,131.37,Bangalore,Bangkok,Express_Care
ORD000042,2025-09-09,Enterprise,Standard,Home Goods,16.31,Mumbai,Bangkok,Fragile
ORD000043,2025-10-09,SMB,Economy,Home Goods,8066.8,Delhi,Bangalore,High_Value_Care
ORD000044,2025-09-18,SMB,Express,Home Goods,7910.83,Bangalore,Singapore,High_Value_Care
ORD000045,2025-09-04,Individual,Economy,Home Goods,1032.69,Kolkata,Pune,Hazmat
ORD000046,2025-09-25,Enterprise,Standard,Industrial,88.33,Mumbai,Singapore,Heavy_Equipment
ORD000047,2025-09-14,SMB,Express,Industrial,14542.31,Mumbai,Bangkok,Temperature_Controlled
ORD000048,2025-10-20,Enterprise,Standard,Books,162.94,Delhi,Hyderabad,Standard
ORD000049,2025-09-09,Individual,Standard,Fashion,293.0,Delhi,Hong Kong,Standard
ORD000050,2025-09-26,Individual,Economy,Food & Beverage,512.5,Kolkata,Delhi,Standard
ORD000051,2025-09-02,Enterprise,Economy,Food & Beverage,794.15,Delhi,Pune,Standard
ORD000052,2025-09-20,SMB,Economy,Home Goods,1059.66,Chennai,Hyderabad,Temperature_Controlled
ORD000053,2025-09-28,Individual,Standard,Books,1125.45,Bangalore,Hyderabad,Temperature_Controlled
ORD000054,2025-10-17,SMB,Express,Healthcare,324.8,Bangalore,Mumbai,Express_Care
ORD000055,2025-09-07,SMB,Economy,Fashion,1099.0,Hyderabad,Delhi,Fragile
ORD000056,2025-10-14,Enterprise,Economy,Books,303.74,Delhi,Singapore,Standard
ORD000057,2025-09-08,Enterprise,Economy,Fashion,961.94,Kolkata,Bangalore,Standard
ORD000058,2025-10-17,Individual,Standard,Fashion,850.6,Delhi,Hong Kong,Standard
ORD000059,2025-10-05,Individual,Standard,Fashion,1266.83,Delhi,Chennai,Standard
ORD000060,2025-09-14,SMB,Economy,Books,1050.42,Pune,Singapore,Standard
ORD000061,2025-09-17,SMB,Standard,Home Goods,207.75,Mumbai,Singapore,Fragile
ORD000062,2025-10-06,SMB,Economy,Food & Beverage,802.77,Mumbai,Bangalore,Standard
ORD000063,2025-10-20,Individual,Economy,Food & Beverage,1075.03,Kolkata,Singapore,Standard
ORD000064,2025-10-10,Individual,Standard,Home Goods,58.17,Mumbai,Bangkok,Standard
ORD000065,2025-09-04,Individual,Economy,Fashion,267.45,Hyderabad,Mumbai,Standard
ORD000066,2025-09-02,Individual,Economy,Healthcare,1004.43,Delhi,Pune,Fragile
ORD000067,2025-09-06,SMB,Express,Electronics,5239.28,Pune,Singapore,High_Value_Care
ORD000068,2025-10-12,Enterprise,Economy,Books,1390.4,Kolkata,Bangalore,High_Value_Care
ORD000069,2025-09-04,Enterprise,Standard,Electronics,5759.28,Chennai,Singapore,High_Value_Care
ORD000070,2025-09-29,Individual,Economy,Home Goods,221.95,Pune,Mumbai,Standard
ORD000071,2025-09-18,SMB,Standard,Healthcare,587.15,Delhi,Bangkok,Temperature_Controlled
ORD000072,2025-09-26,Enterprise,Economy,Books,1351.0,Pune,Bangkok,Standard
ORD000073,2025-10-14,Enterprise,Standard,Home Goods,12.31,Mumbai,Dubai,Fragile
ORD000074,2025-10-04,SMB,Express,Fashion,3890.16,Bangalore,Bangkok,Temperature_Controlled
ORD000075,2025-09-10,Enterprise,Economy,Food & Beverage,24.75,Delhi,Dubai,International
ORD000076,2025-10-06,Enterprise,Express,Electronics,1799.76,Bangalore,Hyderabad,High_Value_Care
ORD000077,2025-09-14,SMB,Standard,Industrial,1130.31,Mumbai,Hong Kong,Heavy_Equipment
ORD000078,2025-10-01,SMB,Economy,Industrial,12.07,Hyderabad,Chennai,Heavy_Equipment
ORD000079,2025-10-18,SMB,Economy,Healthcare,13.02,Hyderabad,Bangkok,Temperature_Controlled
ORD000080,2025-09-15,Enterprise,Standard,Fashion,3458.96,Pune,Hyderabad,High_Value_Care
ORD000081,2025-09-08,Individual,Standard,Electronics,2495.1,Mumbai,Ahmedabad,High_Value_Care
ORD000082,2025-09-14,Enterprise,Standard,Fashion,107.63,Chennai,Hyderabad,Standard
ORD000083,2025-09-23,SMB,Standard,Electronics,107.47,Bangalore,Bangkok,Fragile
ORD000084,2025-10-10,Individual,Standard,Healthcare,870.36,Delhi,Hong Kong,Temperature_Controlled
ORD000085,2025-09-21,SMB,Standard,Healthcare,395.79,Delhi,Dubai,International
ORD000086,2025-09-16,Individual,Economy,Industrial,1961.75,Delhi,Chennai,High_Value_Care
ORD000087,2025-10-15,SMB,Economy,Fashion,828.3,Chennai,Ahmedabad,Standard
ORD000088,2025-09-18,SMB,Economy,Books,4335.3,Bangalore,Hong Kong,Fragile
ORD000089,2025-10-17,Enterprise,Express,Industrial,1728.69,Bangalore,Hong Kong,High_Value_Care
ORD000090,2025-09-24,SMB,Standard,Fashion,1189.35,Mumbai,Bangkok,Hazmat
ORD000091,2025-09-26,Enterprise,Express,Industrial,237.89,Mumbai,Hyderabad,Express_Care
ORD000092,2025-09-25,Enterprise,Standard,Books,213.15,Mumbai,Ahmedabad,Fragile
ORD000093,2025-10-15,Individual,Standard,Food & Beverage,373.29,Ahmedabad,Delhi,Standard
ORD000094,2025-10-11,SMB,Economy,Food & Beverage,6383.13,Mumbai,Kolkata,Fragile
ORD000095,2025-09-29,Individual,Standard,Food & Beverage,219.33,Mumbai,Bangalore,Fragile
ORD000096,2025-09-15,SMB,Express,Food & Beverage,596.33,Delhi,Ahmedabad,Express_Care
ORD000097,2025-10-15,Individual,Express,Home Goods,13.91,Kolkata,Delhi,Express_Care
ORD000098,2025-09-01,SMB,Economy,Electronics,1111.77,Ahmedabad,Bangkok,Fragile
ORD000099,2025-09-25,SMB,Standard,Home Goods,11917.91,Kolkata,Mumbai,High_Value_Care
ORD000100,2025-09-07,SMB,Express,Home Goods,99.44,Chennai,Dubai,Express_Care
ORD000101,2025-09-09,Enterprise,Express,Home Goods,47177.07,Bangalore,Mumbai,High_Value_Care
ORD000102,2025-09-24,Individual,Economy,Food & Beverage,530.26,Mumbai,Singapore,Standard
ORD000103,2025-09-01,Enterprise,Express,Books,8.5,Pune,Delhi,Express_Care
ORD000104,2025-10-14,Enterprise,Economy,Healthcare,226.26,Kolkata,Singapore,Fragile
ORD000105,2025-09-08,SMB,Economy,Healthcare,2968.04,Chennai,Bangalore,High_Value_Care
ORD000106,2025-09-24,Enterprise,Express,Electronics,8094.79,Kolkata,Pune,Hazmat
ORD000107,2025-09-11,Individual,Express,Food & Beverage,1184.59,Kolkata,Bangalore,Express_Care
ORD000108,2025-09-17,Individual,Economy,Food & Beverage,4236.07,Chennai,Ahmedabad,High_Value_Care
ORD000109,2025-09-08,Individual,Standard,Food & Beverage,68.95,Ahmedabad,Hong Kong,Standard
ORD000110,2025-10-05,SMB,Standard,Industrial,145.42,Pune,Dubai,International
ORD000111,2025-10-05,Enterprise,Economy,Fashion,32.49,Chennai,Delhi,Fragile
ORD000112,2025-10-03,Individual,Economy,Industrial,162.78,Chennai,Hyderabad,Heavy_Equipment
ORD000113,2025-09-05,SMB,Economy,Fashion,1265.06,Mumbai,Pune,Fragile
ORD000114,2025-10-12,Individual,Economy,Food & Beverage,555.01,Chennai,Kolkata,Standard
ORD000115,2025-10-09,Individual,Standard,Food & Beverage,1482.93,Mumbai,Kolkata,High_Value_Care
ORD000116,2025-10-11,Individual,Express,Industrial,99.01,Bangalore,Kolkata,Express_Care
ORD000117,2025-09-28,Enterprise,Economy,Industrial,108.5,Ahmedabad,Delhi,Heavy_Equipment
ORD000118,2025-09-07,SMB,Standard,Fashion,548.35,Bangalore,Kolkata,Standard
ORD000119,2025-09-09,Individual,Standard,Healthcare,163.37,Bangalore,Bangkok,Temperature_Controlled
ORD000120,2025-09-08,SMB,Economy,Fashion,2843.45,Delhi,Mumbai,High_Value_Care
ORD000121,2025-09-12,Enterprise,Express,Industrial,157.41,Mumbai,Pune,Express_Care
ORD000122,2025-10-04,SMB,Standard,Books,191.89,Kolkata,Mumbai,Standard
ORD000123,2025-10-03,Individual,Express,Industrial,756.16,Mumbai,Hong Kong,Express_Care
ORD000124,2025-10-18,SMB,Standard,Books,224.99,Mumbai,Pune,Standard
ORD000125,2025-09-23,SMB,Express,Electronics,63.28,Delhi,Mumbai,Express_Care
ORD000126,2025-09-24,Enterprise,Express,Industrial,77.55,Kolkata,Pune,Express_Care
ORD000127,2025-10-07,SMB,Express,Electronics,903.84,Kolkata,Hong Kong,Express_Care
ORD000128,2025-10-05,Individual,Standard,Healthcare,52.56,Mumbai,Singapore,Temperature_Controlled
ORD000129,2025-10-14,Enterprise,Economy,Fashion,3280.49,Bangalore,Bangkok,High_Value_Care
ORD000130,2025-10-10,SMB,Standard,Books,143.22,Bangalore,Delhi,Standard
ORD000131,2025-09-22,Individual,Economy,Fashion,1016.71,Chennai,Delhi,Temperature_Controlled
ORD000132,2025-09-27,Individual,Standard,Electronics,156.71,Chennai,Kolkata,Fragile
ORD000133,2025-10-05,SMB,Standard,Books,102.22,Delhi,Bangkok,Standard
ORD000134,2025-09-01,Individual,Economy,Fashion,583.56,Bangalore,Chennai,Standard
ORD000135,2025-10-05,SMB,Standard,Industrial,1954.08,Bangalore,Kolkata,High_Value_Care
ORD000136,2025-10-07,Enterprise,Economy,Food & Beverage,278.37,Hyderabad,Ahmedabad,Standard
ORD000137,2025-10-17,Individual,Express,Electronics,365.69,Bangalore,Bangkok,Express_Care
ORD000138,2025-09-14,Individual,Economy,Fashion,1354.42,Delhi,Mumbai,Temperature_Controlled
ORD000139,2025-09-03,Individual,Express,Electronics,1423.38,Delhi,Pune,High_Value_Care
ORD000140,2025-09-01,Individual,Economy,Home Goods,380.8,Bangalore,Chennai,Standard
ORD000141,2025-09-05,SMB,Standard,Electronics,207.43,Kolkata,Bangkok,Fragile
ORD000142,2025-09-26,SMB,Economy,Books,456.68,Bangalore,Hong Kong,Standard
ORD000143,2025-09-14,Individual,Express,Home Goods,302.97,Chennai,Ahmedabad,Express_Care
ORD000144,2025-10-09,SMB,Standard,Books,645.14,Kolkata,Hong Kong,Standard
ORD000145,2025-09-27,Individual,Economy,Food & Beverage,67.26,Bangalore,Delhi,Standard
ORD000146,2025-09-09,Individual,Standard,Home Goods,611.41,Delhi,Bangalore,Temperature_Controlled
ORD000147,2025-09-15,Individual,Standard,Industrial,137.35,Hyderabad,Chennai,Heavy_Equipment
ORD000148,2025-09-15,SMB,Standard,Electronics,1570.0,Delhi,Mumbai,High_Value_Care
ORD000149,2025-09-26,SMB,Standard,Fashion,147.13,Bangalore,Chennai,Standard
ORD000150,2025-10-12,Enterprise,Standard,Healthcare,151.01,Ahmedabad,Dubai,International
ORD000151,2025-09-13,SMB,Standard,Electronics,786.9,Mumbai,Ahmedabad,Fragile
ORD000152,2025-10-02,Enterprise,Economy,Electronics,412.12,Mumbai,Ahmedabad,Fragile
ORD000153,2025-10-09,SMB,Express,Food & Beverage,12270.8,Delhi,Bangkok,Fragile
ORD000154,2025-10-19,SMB,Standard,Industrial,35.02,Pune,Chennai,Fragile
ORD000155,2025-10-02,Enterprise,Economy,Healthcare,475.7,Mumbai,Bangalore,Temperature_Controlled
ORD000156,2025-09-04,SMB,Economy,Home Goods,2196.18,Mumbai,Kolkata,Temperature_Controlled
ORD000157,2025-09-30,Enterprise,Standard,Home Goods,169.45,Mumbai,Pune,Standard
ORD000158,2025-10-07,Enterprise,Standard,Home Goods,102.94,Mumbai,Bangkok,Standard
ORD000159,2025-09-23,Individual,Standard,Books,109.26,Mumbai,Bangkok,Standard
ORD000160,2025-10-09,SMB,Express,Books,35.95,Bangalore,Chennai,Hazmat
ORD000161,2025-10-15,Enterprise,Standard,Fashion,3055.07,Bangalore,Mumbai,High_Value_Care
ORD000162,2025-09-15,SMB,Standard,Healthcare,246.06,Delhi,Singapore,Temperature_Controlled
ORD000163,2025-10-13,Individual,Standard,Home Goods,206.02,Delhi,Hyderabad,Standard
ORD000164,2025-09-29,Enterprise,Express,Books,16.67,Mumbai,Hyderabad,Express_Care
ORD000165,2025-10-06,SMB,Economy,Fashion,46.97,Delhi,Bangkok,Standard
ORD000166,2025-09-13,Enterprise,Economy,Industrial,3633.98,Bangalore,Kolkata,High_Value_Care
ORD000167,2025-10-02,Enterprise,Standard,Fashion,635.66,Kolkata,Pune,Standard
ORD000168,2025-09-07,SMB,Standard,Books,2320.99,Mumbai,Chennai,High_Value_Care
ORD000169,2025-09-22,SMB,Standard,Food & Beverage,1919.82,Bangalore,Dubai,High_Value_Care
ORD000170,2025-09-28,SMB,Economy,Food & Beverage,89.93,Delhi,Hyderabad,Standard
ORD000171,2025-09-02,Individual,Standard,Home Goods,15440.85,Hyderabad,Bangalore,High_Value_Care
ORD000172,2025-10-12,Individual,Express,Food & Beverage,7514.57,Chennai,Bangkok,High_Value_Care
ORD000173,2025-10-15,SMB,Economy,Home Goods,173.18,Bangalore,Mumbai,Standard
ORD000174,2025-09-06,SMB,Economy,Home Goods,1.91,Delhi,Hong Kong,Standard
ORD000175,2025-09-28,Individual,Economy,Books,236.32,Pune,Hyderabad,Standard
ORD000176,2025-09-28,Enterprise,Economy,Food & Beverage,576.77,Mumbai,Bangalore,Hazmat
ORD000177,2025-10-14,SMB,Standard,Home Goods,172.16,Mumbai,Chennai,Standard
ORD000178,2025-10-14,Enterprise,Standard,Healthcare,289.37,Delhi,Mumbai,Temperature_Controlled
ORD000179,2025-09-20,Enterprise,Economy,Industrial,116.4,Mumbai,Dubai,International
ORD000180,2025-09-30,Individual,Economy,Fashion,1607.53,Pune,Singapore,High_Value_Care
ORD000181,2025-09-11,Individual,Express,Fashion,443.83,Kolkata,Delhi,Express_Care
ORD000182,2025-09-28,SMB,Express,Books,1681.21,Delhi,Bangkok,High_Value_Care
ORD000183,2025-09-25,SMB,Standard,Food & Beverage,2523.26,Bangalore,Singapore,High_Value_Care
ORD000184,2025-10-09,Enterprise,Economy,Food & Beverage,15.46,Ahmedabad,Dubai,International
ORD000185,2025-10-03,Enterprise,Economy,Home Goods,127.0,Hyderabad,Mumbai,Temperature_Controlled
ORD000186,2025-09-01,Enterprise,Express,Electronics,158.22,Chennai,Hyderabad,Fragile
ORD000187,2025-09-27,SMB,Standard,Home Goods,19092.65,Pune,Singapore,High_Value_Care
ORD000188,2025-09-13,Individual,Standard,Industrial,504.47,Ahmedabad,Bangkok,Heavy_Equipment
ORD000189,2025-10-11,SMB,Economy,Healthcare,1364.91,Kolkata,Delhi,Fragile
ORD000190,2025-09-03,Enterprise,Economy,Fashion,24.02,Mumbai,Kolkata,Standard
ORD000191,2025-10-09,Individual,Economy,Home Goods,500.11,Delhi,Ahmedabad,Standard
ORD000192,2025-09-06,Individual,Standard,Electronics,1750.12,Hyderabad,Bangalore,Hazmat
ORD000193,2025-09-08,SMB,Standard,Electronics,1469.9,Mumbai,Hyderabad,High_Value_Care
ORD000194,2025-09-27,SMB,Standard,Home Goods,1027.72,Hyderabad,Singapore,Standard
ORD000195,2025-09-09,SMB,Express,Books,411.37,Mumbai,Hong Kong,Hazmat
ORD000196,2025-10-07,Enterprise,Economy,Fashion,442.46,Mumbai,Chennai,Standard
ORD000197,2025-10-03,SMB,Economy,Books,31.82,Delhi,Kolkata,Standard
ORD000198,2025-10-12,Individual,Economy,Healthcare,104.5,Mumbai,Dubai,International
ORD000199,2025-10-14,Enterprise,Economy,Electronics,570.44,Pune,Ahmedabad,Fragile
ORD000200,2025-09-24,Enterprise,Standard,Electronics,137.83,Hyderabad,Mumbai,Temperature_Controlled
