Vehicle_ID,Vehicle_Type,Capacity_KG,Fuel_Efficiency_KM_per_L,Current_Location,Status,Age_Years,CO2_Emissions_Kg_per_KM,Efficiency_Score,Age_Category,Capacity_Category
VEH0001,Refrigerated,1531.01,5.81,Hyderabad,Available,7.64166339273196,0.465,12.494623655913976,Middle,Medium
VEH0002,Small_Van,632.66,10.41,Chennai,In_Transit,1.474560292009559,0.259,40.19305019305019,New,Small
VEH0003,Large_Truck,8903.66,6.13,Bangalore,Available,7.496936469272541,0.441,13.900226757369614,Middle,Large
VEH0004,Refrigerated,2545.81,7.14,Bangalore,In_Transit,1.4152287074138648,0.378,18.88888888888889,New,Medium
VEH0005,Small_Van,925.24,9.38,Delhi,In_Transit,1.9643045221736903,0.288,32.56944444444445,New,Small
VEH0006,Medium_Truck,2671.22,8.94,Bangalore,Available,6.235393561072094,0.302,29.602649006622517,Middle,Medium
VEH0007,Large_Truck,7176.62,5.65,Mumbai,Available,1.7227650269869326,0.478,11.82008368200837,New,Large
VEH0008,Refrigerated,2601.67,6.15,Bangalore,In_Transit,1.4328712343099324,0.439,14.009111617312074,New,Medium
VEH0009,Refrigerated,2423.87,7.53,Pune,Available,5.786532575325363,0.359,20.974930362116993,Middle,Medium
VEH0010,Refrigerated,2319.65,7.9,Bangalore,Available,2.816258180055057,0.342,23.099415204678362,Young,Medium
VEH0011,Medium_Truck,2236.98,8.88,Hyderabad,Available,3.474152614924724,0.304,29.210526315789476,Young,Medium
VEH0012,Small_Van,932.65,8.63,Chennai,In_Transit,2.8741224895090247,0.313,27.571884984025562,Young,Small
VEH0013,Refrigerated,2252.27,5.21,Hyderabad,In_Transit,4.788094873578115,0.518,10.057915057915057,Young,Medium
VEH0014,Refrigerated,2859.13,5.04,Ahmedabad,Available,1.9018583045634625,0.536,9.402985074626866,New,Medium
VEH0015,Small_Van,695.34,8.77,Chennai,In_Transit,3.005374742515769,0.308,28.474025974025974,Young,Small
VEH0016,Large_Truck,7022.64,4.21,Bangalore,Available,1.1293965186607209,0.642,6.557632398753894,New,Large
VEH0017,Medium_Truck,3355.08,6.22,Hyderabad,Available,7.583364370207276,0.434,14.331797235023041,Middle,Medium
VEH0018,Large_Truck,8357.4,5.9,Hyderabad,In_Transit,6.389516086370113,0.458,12.882096069868997,Middle,Large
VEH0019,Large_Truck,9951.81,4.98,Pune,Available,7.852765557066388,0.543,9.171270718232044,Middle,Large
VEH0020,Small_Van,759.35,8.72,Hyderabad,Available,7.842181302808281,0.31,28.12903225806452,Middle,Small
VEH0021,Large_Truck,5949.08,5.75,Mumbai,Available,3.4820928391465293,0.47,12.23404255319149,Young,Large
VEH0022,Small_Van,602.67,9.93,Ahmedabad,In_Transit,4.622047013980675,0.272,36.507352941176464,Young,Small
VEH0023,Large_Truck,5719.71,5.79,Bangalore,Available,7.635674156341745,0.467,12.398286937901497,Middle,Large
VEH0024,Small_Van,546.03,10.4,Chennai,Available,4.650342620950306,0.26,40.0,Young,Small
VEH0025,Large_Truck,8518.96,5.12,Bangalore,In_Transit,5.799724024090322,0.527,9.715370018975332,Middle,Large
VEH0026,Large_Truck,6564.54,4.81,Chennai,Available,1.8056125648357195,0.561,8.573975044563278,New,Large
VEH0027,Small_Van,724.54,10.45,Bangalore,In_Transit,7.122453686223298,0.258,40.50387596899225,Middle,Small
VEH0028,Small_Van,793.79,10.8,Mumbai,Available,5.206149288382095,0.25,43.2,Middle,Small
VEH0029,Medium_Truck,3872.53,7.63,Bangalore,Maintenance,3.4927648823182604,0.354,21.55367231638418,Young,Medium
VEH0030,Refrigerated,1782.81,7.02,Ahmedabad,In_Transit,4.235302947926517,0.385,18.233766233766232,Young,Medium
VEH0031,Large_Truck,6635.22,6.67,Kolkata,Maintenance,3.755157295315691,0.405,16.469135802469136,Young,Large
VEH0032,Small_Van,717.2,10.89,Delhi,Maintenance,2.218789634106216,0.248,43.91129032258065,Young,Small
VEH0033,Medium_Truck,3341.35,8.1,Kolkata,Available,1.994527523501006,0.333,24.324324324324323,New,Medium
VEH0034,Refrigerated,2608.08,5.04,Pune,Available,0.6185989717472156,0.536,9.402985074626866,New,Medium
VEH0035,Small_Van,955.58,9.42,Delhi,In_Transit,5.050487935380773,0.287,32.822299651567945,Middle,Small
VEH0036,Large_Truck,5405.75,6.85,Delhi,In_Transit,3.3746317973165105,0.394,17.385786802030456,Young,Large
VEH0037,Medium_Truck,2566.61,8.36,Bangalore,In_Transit,6.071611202509542,0.323,25.882352941176467,Middle,Medium
VEH0038,Large_Truck,7607.25,4.21,Delhi,Available,2.046630538131049,0.642,6.557632398753894,Young,Large
VEH0039,Refrigerated,2000.41,7.6,Mumbai,In_Transit,5.498472856451268,0.355,21.408450704225352,Middle,Medium
VEH0040,Refrigerated,2181.52,6.89,Bangalore,In_Transit,6.752323506079688,0.392,17.576530612244895,Middle,Medium
VEH0041,Medium_Truck,3070.05,6.43,Pune,Available,6.685574280102557,0.42,15.30952380952381,Middle,Medium
VEH0042,Small_Van,721.96,8.09,Chennai,Available,3.557246434847418,0.334,24.221556886227543,Young,Small
VEH0043,Medium_Truck,2056.62,6.63,Mumbai,In_Transit,3.5725329003199446,0.407,16.289926289926292,Young,Medium
VEH0044,Large_Truck,6301.18,4.48,Ahmedabad,Available,6.3989178679313525,0.603,7.429519071310117,Middle,Large
VEH0045,Express_Bike,39.87,30.81,Pune,In_Transit,1.32823897558327,0.088,350.1136363636364,New,Small
VEH0046,Small_Van,654.9,9.0,Ahmedabad,Available,2.4116168668616176,0.3,30.0,Young,Small
VEH0047,Large_Truck,5383.18,6.62,Kolkata,Available,7.353413329049445,0.408,16.225490196078432,Middle,Large
VEH0048,Express_Bike,23.07,25.32,Delhi,Available,2.2383769271701253,0.107,236.6355140186916,Young,Small
VEH0049,Medium_Truck,3807.12,6.23,Kolkata,Available,1.953973009526695,0.433,14.387990762124712,New,Medium
VEH0050,Refrigerated,2515.41,7.51,Pune,Available,3.6088704861259417,0.359,20.919220055710305,Young,Medium
